file,source_url,target_url,anchor
C:\Users\cohen.000\iapmesuisse\content\blog\de\optimiser-gestion-documentaire-ia-pme-suisses.md,https://iapmesuisse.ch/de/blog/optimiser-gestion-documentaire-ia-pme-suisses,https://iapmesuisse.ch/de/blog/ia-traduction-opportunites-pme-suisses,KI und Übersetzung: Chancen für Schweizer KMU
C:\Users\cohen.000\iapmesuisse\content\blog\de\optimiser-gestion-documentaire-ia-pme-suisses.md,https://iapmesuisse.ch/de/blog/optimiser-gestion-documentaire-ia-pme-suisses,https://iapmesuisse.ch/de/blog/optimiser-internet-haute-vitesse-pme-suisses,Optimierung des Hochgeschwindigkeitsinternets für Schweizer KMU
C:\Users\cohen.000\iapmesuisse\content\blog\de\optimiser-gestion-documentaire-ia-pme-suisses.md,https://iapmesuisse.ch/de/blog/optimiser-gestion-documentaire-ia-pme-suisses,https://iapmesuisse.ch/de/blog/optimiser-innovation-cloud-ia-pme-suisses,Optimierung der Innovation mit Cloud und KI für Schweizer KMU
C:\Users\cohen.000\iapmesuisse\content\blog\de\optimiser-gestion-documentaire-ia-pme-suisses.md,https://iapmesuisse.ch/de/blog/optimiser-gestion-documentaire-ia-pme-suisses,https://iapmesuisse.ch/de/blog/impact-modeles-ia-pme-suisses,Der Einfluss fortschrittlicher KI-Modelle auf Schweizer KMU
C:\Users\cohen.000\iapmesuisse\content\blog\de\optimiser-internet-haute-vitesse-pme-suisses.md,https://iapmesuisse.ch/de/blog/optimiser-internet-haute-vitesse-pme-suisses,https://iapmesuisse.ch/de/blog/ia-traduction-opportunites-pme-suisses,KI und Übersetzung: Chancen für Schweizer KMU
C:\Users\cohen.000\iapmesuisse\content\blog\de\optimiser-internet-haute-vitesse-pme-suisses.md,https://iapmesuisse.ch/de/blog/optimiser-internet-haute-vitesse-pme-suisses,https://iapmesuisse.ch/de/blog/optimiser-innovation-cloud-ia-pme-suisses,Optimierung der Innovation mit Cloud und KI für Schweizer KMU
C:\Users\cohen.000\iapmesuisse\content\blog\de\optimiser-internet-haute-vitesse-pme-suisses.md,https://iapmesuisse.ch/de/blog/optimiser-internet-haute-vitesse-pme-suisses,https://iapmesuisse.ch/de/blog/pme-suisses-adopter-ia-avec-discernement,Schweizer KMU: Künstliche Intelligenz mit Bedacht einsetzen
C:\Users\cohen.000\iapmesuisse\content\blog\de\securite-pme-suisses-ia-identites.md,https://iapmesuisse.ch/de/blog/securite-pme-suisses-ia-identites,https://iapmesuisse.ch/de/blog/optimiser-innovation-cloud-ia-pme-suisses,Optimierung der Innovation mit Cloud und KI für Schweizer KMU
C:\Users\cohen.000\iapmesuisse\content\blog\de\securite-pme-suisses-ia-identites.md,https://iapmesuisse.ch/de/blog/securite-pme-suisses-ia-identites,https://iapmesuisse.ch/de/blog/microsoft-365-securiser-conformite-pme-suisses,Microsoft 365: Sicherheit und Compliance für Schweizer KMU
C:\Users\cohen.000\iapmesuisse\content\blog\de\pme-suisses-accelerer-developpement-logiciel-ia.md,https://iapmesuisse.ch/de/blog/pme-suisses-accelerer-developpement-logiciel-ia,https://iapmesuisse.ch/de/blog/securite-pme-suisses-ia-identites,Sicherheit für Schweizer KMU: KI und Identitätsmanagement
C:\Users\cohen.000\iapmesuisse\content\blog\de\pme-suisses-accelerer-developpement-logiciel-ia.md,https://iapmesuisse.ch/de/blog/pme-suisses-accelerer-developpement-logiciel-ia,https://iapmesuisse.ch/de/blog/optimiser-innovation-cloud-ia-pme-suisses,Optimierung der Innovation mit Cloud und KI für Schweizer KMU
C:\Users\cohen.000\iapmesuisse\content\blog\de\microsoft-365-securiser-conformite-pme-suisses.md,https://iapmesuisse.ch/de/blog/microsoft-365-securiser-conformite-pme-suisses,https://iapmesuisse.ch/de/blog/optimiser-internet-haute-vitesse-pme-suisses,Optimierung des Hochgeschwindigkeitsinternets für Schweizer KMU
C:\Users\cohen.000\iapmesuisse\content\blog\de\microsoft-365-securiser-conformite-pme-suisses.md,https://iapmesuisse.ch/de/blog/microsoft-365-securiser-conformite-pme-suisses,https://iapmesuisse.ch/de/blog/transformez-votre-pme-avec-ia-nouveaux-modeles-microsoft,Transformieren Sie Ihr KMU mit KI: Neue Modelle von Microsoft
C:\Users\cohen.000\iapmesuisse\content\blog\de\microsoft-365-securiser-conformite-pme-suisses.md,https://iapmesuisse.ch/de/blog/microsoft-365-securiser-conformite-pme-suisses,https://iapmesuisse.ch/de/blog/ia-traduction-opportunites-pme-suisses,KI und Übersetzung: Chancen für Schweizer KMU
C:\Users\cohen.000\iapmesuisse\content\blog\de\microsoft-365-securiser-conformite-pme-suisses.md,https://iapmesuisse.ch/de/blog/microsoft-365-securiser-conformite-pme-suisses,https://iapmesuisse.ch/de/blog/optimiser-gestion-documentaire-ia-pme-suisses,Optimierung des Dokumentenmanagements durch KI für Schweizer KMU
C:\Users\cohen.000\iapmesuisse\content\blog\de\claude-security-securite-pme-suisses.md,https://iapmesuisse.ch/de/blog/claude-security-securite-pme-suisses,https://iapmesuisse.ch/de/blog/securite-pme-suisses-ia-identites,Sicherheit für Schweizer KMU: KI und Identitätsmanagement
C:\Users\cohen.000\iapmesuisse\content\blog\de\claude-security-securite-pme-suisses.md,https://iapmesuisse.ch/de/blog/claude-security-securite-pme-suisses,https://iapmesuisse.ch/de/blog/optimiser-gestion-documentaire-ia-pme-suisses,Optimierung des Dokumentenmanagements durch KI für Schweizer KMU
C:\Users\cohen.000\iapmesuisse\content\blog\de\claude-security-securite-pme-suisses.md,https://iapmesuisse.ch/de/blog/claude-security-securite-pme-suisses,https://iapmesuisse.ch/de/blog/optimiser-internet-haute-vitesse-pme-suisses,Optimierung des Hochgeschwindigkeitsinternets für Schweizer KMU
C:\Users\cohen.000\iapmesuisse\content\blog\de\claude-security-securite-pme-suisses.md,https://iapmesuisse.ch/de/blog/claude-security-securite-pme-suisses,https://iapmesuisse.ch/de/blog/ia-traduction-opportunites-pme-suisses,KI und Übersetzung: Chancen für Schweizer KMU
C:\Users\cohen.000\iapmesuisse\content\blog\de\optimiser-java-developpement-suisse-spring.md,https://iapmesuisse.ch/de/blog/optimiser-java-developpement-suisse-spring,https://iapmesuisse.ch/de/blog/ia-traduction-opportunites-pme-suisses,KI und Übersetzung: Chancen für Schweizer KMU
